,ImageId,SegId,label
0,IM_000000,IM_000000_Segmentation,S
0,IM_000450,IM_000450_Segmentation,T
0,IM_000001,IM_000001_Segmentation,S
0,IM_000451,IM_000451_Segmentation,T
0,IM_000002,IM_000002_Segmentation,S
0,IM_000452,IM_000452_Segmentation,T
0,IM_000003,IM_000003_Segmentation,S
0,IM_000453,IM_000453_Segmentation,T
0,IM_000004,IM_000004_Segmentation,S
0,IM_000454,IM_000454_Segmentation,T
0,IM_000005,IM_000005_Segmentation,S
0,IM_000455,IM_000455_Segmentation,T
0,IM_000006,IM_000006_Segmentation,S
0,IM_000456,IM_000456_Segmentation,T
0,IM_000007,IM_000007_Segmentation,S
0,IM_000457,IM_000457_Segmentation,T
0,IM_000008,IM_000008_Segmentation,S
0,IM_000458,IM_000458_Segmentation,T
0,IM_000009,IM_000009_Segmentation,S
0,IM_000459,IM_000459_Segmentation,T
0,IM_000010,IM_000010_Segmentation,S
0,IM_000460,IM_000460_Segmentation,T
0,IM_000011,IM_000011_Segmentation,S
0,IM_000461,IM_000461_Segmentation,T
0,IM_000012,IM_000012_Segmentation,S
0,IM_000462,IM_000462_Segmentation,T
0,IM_000013,IM_000013_Segmentation,S
0,IM_000463,IM_000463_Segmentation,T
0,IM_000014,IM_000014_Segmentation,S
0,IM_000464,IM_000464_Segmentation,T
0,IM_000015,IM_000015_Segmentation,S
0,IM_000465,IM_000465_Segmentation,T
0,IM_000016,IM_000016_Segmentation,S
0,IM_000466,IM_000466_Segmentation,T
0,IM_000017,IM_000017_Segmentation,S
0,IM_000467,IM_000467_Segmentation,T
0,IM_000018,IM_000018_Segmentation,S
0,IM_000468,IM_000468_Segmentation,T
0,IM_000019,IM_000019_Segmentation,S
0,IM_000469,IM_000469_Segmentation,T
0,IM_000020,IM_000020_Segmentation,S
0,IM_000470,IM_000470_Segmentation,T
0,IM_000021,IM_000021_Segmentation,S
0,IM_000471,IM_000471_Segmentation,T
0,IM_000022,IM_000022_Segmentation,S
0,IM_000472,IM_000472_Segmentation,T
0,IM_000023,IM_000023_Segmentation,S
0,IM_000473,IM_000473_Segmentation,T
0,IM_000024,IM_000024_Segmentation,S
0,IM_000474,IM_000474_Segmentation,T
0,IM_000025,IM_000025_Segmentation,S
0,IM_000475,IM_000475_Segmentation,T
0,IM_000026,IM_000026_Segmentation,S
0,IM_000476,IM_000476_Segmentation,T
0,IM_000027,IM_000027_Segmentation,S
0,IM_000477,IM_000477_Segmentation,T
0,IM_000028,IM_000028_Segmentation,S
0,IM_000478,IM_000478_Segmentation,T
0,IM_000029,IM_000029_Segmentation,S
0,IM_000479,IM_000479_Segmentation,T
0,IM_000030,IM_000030_Segmentation,S
0,IM_000480,IM_000480_Segmentation,T
0,IM_000031,IM_000031_Segmentation,S
0,IM_000481,IM_000481_Segmentation,T
0,IM_000032,IM_000032_Segmentation,S
0,IM_000482,IM_000482_Segmentation,T
0,IM_000033,IM_000033_Segmentation,S
0,IM_000483,IM_000483_Segmentation,T
0,IM_000034,IM_000034_Segmentation,S
0,IM_000484,IM_000484_Segmentation,T
0,IM_000035,IM_000035_Segmentation,S
0,IM_000485,IM_000485_Segmentation,T
0,IM_000036,IM_000036_Segmentation,S
0,IM_000486,IM_000486_Segmentation,T
0,IM_000037,IM_000037_Segmentation,S
0,IM_000487,IM_000487_Segmentation,T
0,IM_000038,IM_000038_Segmentation,S
0,IM_000488,IM_000488_Segmentation,T
0,IM_000039,IM_000039_Segmentation,S
0,IM_000489,IM_000489_Segmentation,T
0,IM_000040,IM_000040_Segmentation,S
0,IM_000490,IM_000490_Segmentation,T
0,IM_000041,IM_000041_Segmentation,S
0,IM_000491,IM_000491_Segmentation,T
0,IM_000042,IM_000042_Segmentation,S
0,IM_000492,IM_000492_Segmentation,T
0,IM_000043,IM_000043_Segmentation,S
0,IM_000493,IM_000493_Segmentation,T
0,IM_000044,IM_000044_Segmentation,S
0,IM_000494,IM_000494_Segmentation,T
0,IM_000045,IM_000045_Segmentation,S
0,IM_000495,IM_000495_Segmentation,T
0,IM_000046,IM_000046_Segmentation,S
0,IM_000496,IM_000496_Segmentation,T
0,IM_000047,IM_000047_Segmentation,S
0,IM_000497,IM_000497_Segmentation,T
0,IM_000048,IM_000048_Segmentation,S
0,IM_000498,IM_000498_Segmentation,T
0,IM_000049,IM_000049_Segmentation,S
0,IM_000499,IM_000499_Segmentation,T
0,IM_000050,IM_000050_Segmentation,S
0,IM_000500,IM_000500_Segmentation,T
0,IM_000051,IM_000051_Segmentation,S
0,IM_000501,IM_000501_Segmentation,T
0,IM_000052,IM_000052_Segmentation,S
0,IM_000502,IM_000502_Segmentation,T
0,IM_000053,IM_000053_Segmentation,S
0,IM_000503,IM_000503_Segmentation,T
0,IM_000054,IM_000054_Segmentation,S
0,IM_000504,IM_000504_Segmentation,T
0,IM_000055,IM_000055_Segmentation,S
0,IM_000505,IM_000505_Segmentation,T
0,IM_000056,IM_000056_Segmentation,S
0,IM_000506,IM_000506_Segmentation,T
0,IM_000057,IM_000057_Segmentation,S
0,IM_000507,IM_000507_Segmentation,T
0,IM_000058,IM_000058_Segmentation,S
0,IM_000508,IM_000508_Segmentation,T
0,IM_000059,IM_000059_Segmentation,S
0,IM_000509,IM_000509_Segmentation,T
0,IM_000060,IM_000060_Segmentation,S
0,IM_000510,IM_000510_Segmentation,T
0,IM_000061,IM_000061_Segmentation,S
0,IM_000511,IM_000511_Segmentation,T
0,IM_000062,IM_000062_Segmentation,S
0,IM_000512,IM_000512_Segmentation,T
0,IM_000063,IM_000063_Segmentation,S
0,IM_000513,IM_000513_Segmentation,T
0,IM_000064,IM_000064_Segmentation,S
0,IM_000514,IM_000514_Segmentation,T
0,IM_000065,IM_000065_Segmentation,S
0,IM_000515,IM_000515_Segmentation,T
0,IM_000066,IM_000066_Segmentation,S
0,IM_000516,IM_000516_Segmentation,T
0,IM_000067,IM_000067_Segmentation,S
0,IM_000517,IM_000517_Segmentation,T
0,IM_000068,IM_000068_Segmentation,S
0,IM_000518,IM_000518_Segmentation,T
0,IM_000069,IM_000069_Segmentation,S
0,IM_000519,IM_000519_Segmentation,T
0,IM_000070,IM_000070_Segmentation,S
0,IM_000520,IM_000520_Segmentation,T
0,IM_000071,IM_000071_Segmentation,S
0,IM_000521,IM_000521_Segmentation,T
0,IM_000072,IM_000072_Segmentation,S
0,IM_000522,IM_000522_Segmentation,T
0,IM_000073,IM_000073_Segmentation,S
0,IM_000523,IM_000523_Segmentation,T
0,IM_000074,IM_000074_Segmentation,S
0,IM_000524,IM_000524_Segmentation,T
0,IM_000075,IM_000075_Segmentation,S
0,IM_000525,IM_000525_Segmentation,T
0,IM_000076,IM_000076_Segmentation,S
0,IM_000526,IM_000526_Segmentation,T
0,IM_000077,IM_000077_Segmentation,S
0,IM_000527,IM_000527_Segmentation,T
0,IM_000078,IM_000078_Segmentation,S
0,IM_000528,IM_000528_Segmentation,T
0,IM_000079,IM_000079_Segmentation,S
0,IM_000529,IM_000529_Segmentation,T
0,IM_000080,IM_000080_Segmentation,S
0,IM_000530,IM_000530_Segmentation,T
0,IM_000081,IM_000081_Segmentation,S
0,IM_000531,IM_000531_Segmentation,T
0,IM_000082,IM_000082_Segmentation,S
0,IM_000532,IM_000532_Segmentation,T
0,IM_000083,IM_000083_Segmentation,S
0,IM_000533,IM_000533_Segmentation,T
0,IM_000084,IM_000084_Segmentation,S
0,IM_000534,IM_000534_Segmentation,T
0,IM_000085,IM_000085_Segmentation,S
0,IM_000535,IM_000535_Segmentation,T
0,IM_000086,IM_000086_Segmentation,S
0,IM_000536,IM_000536_Segmentation,T
0,IM_000087,IM_000087_Segmentation,S
0,IM_000537,IM_000537_Segmentation,T
0,IM_000088,IM_000088_Segmentation,S
0,IM_000538,IM_000538_Segmentation,T
0,IM_000089,IM_000089_Segmentation,S
0,IM_000539,IM_000539_Segmentation,T
0,IM_000090,IM_000090_Segmentation,S
0,IM_000540,IM_000540_Segmentation,T
0,IM_000091,IM_000091_Segmentation,S
0,IM_000541,IM_000541_Segmentation,T
0,IM_000092,IM_000092_Segmentation,S
0,IM_000542,IM_000542_Segmentation,T
0,IM_000093,IM_000093_Segmentation,S
0,IM_000543,IM_000543_Segmentation,T
0,IM_000094,IM_000094_Segmentation,S
0,IM_000544,IM_000544_Segmentation,T
0,IM_000095,IM_000095_Segmentation,S
0,IM_000545,IM_000545_Segmentation,T
0,IM_000096,IM_000096_Segmentation,S
0,IM_000546,IM_000546_Segmentation,T
0,IM_000097,IM_000097_Segmentation,S
0,IM_000547,IM_000547_Segmentation,T
0,IM_000098,IM_000098_Segmentation,S
0,IM_000548,IM_000548_Segmentation,T
0,IM_000099,IM_000099_Segmentation,S
0,IM_000549,IM_000549_Segmentation,T
0,IM_000100,IM_000100_Segmentation,S
0,IM_000550,IM_000550_Segmentation,T
0,IM_000101,IM_000101_Segmentation,S
0,IM_000551,IM_000551_Segmentation,T
0,IM_000102,IM_000102_Segmentation,S
0,IM_000552,IM_000552_Segmentation,T
0,IM_000103,IM_000103_Segmentation,S
0,IM_000553,IM_000553_Segmentation,T
0,IM_000104,IM_000104_Segmentation,S
0,IM_000554,IM_000554_Segmentation,T
0,IM_000105,IM_000105_Segmentation,S
0,IM_000555,IM_000555_Segmentation,T
0,IM_000106,IM_000106_Segmentation,S
0,IM_000556,IM_000556_Segmentation,T
0,IM_000107,IM_000107_Segmentation,S
0,IM_000557,IM_000557_Segmentation,T
0,IM_000108,IM_000108_Segmentation,S
0,IM_000558,IM_000558_Segmentation,T
0,IM_000109,IM_000109_Segmentation,S
0,IM_000559,IM_000559_Segmentation,T
0,IM_000110,IM_000110_Segmentation,S
0,IM_000560,IM_000560_Segmentation,T
0,IM_000111,IM_000111_Segmentation,S
0,IM_000561,IM_000561_Segmentation,T
0,IM_000112,IM_000112_Segmentation,S
0,IM_000562,IM_000562_Segmentation,T
0,IM_000113,IM_000113_Segmentation,S
0,IM_000563,IM_000563_Segmentation,T
0,IM_000114,IM_000114_Segmentation,S
0,IM_000564,IM_000564_Segmentation,T
0,IM_000115,IM_000115_Segmentation,S
0,IM_000565,IM_000565_Segmentation,T
0,IM_000116,IM_000116_Segmentation,S
0,IM_000566,IM_000566_Segmentation,T
0,IM_000117,IM_000117_Segmentation,S
0,IM_000567,IM_000567_Segmentation,T
0,IM_000118,IM_000118_Segmentation,S
0,IM_000568,IM_000568_Segmentation,T
0,IM_000119,IM_000119_Segmentation,S
0,IM_000569,IM_000569_Segmentation,T
0,IM_000120,IM_000120_Segmentation,S
0,IM_000570,IM_000570_Segmentation,T
0,IM_000121,IM_000121_Segmentation,S
0,IM_000571,IM_000571_Segmentation,T
0,IM_000122,IM_000122_Segmentation,S
0,IM_000572,IM_000572_Segmentation,T
0,IM_000123,IM_000123_Segmentation,S
0,IM_000573,IM_000573_Segmentation,T
0,IM_000124,IM_000124_Segmentation,S
0,IM_000574,IM_000574_Segmentation,T
0,IM_000125,IM_000125_Segmentation,S
0,IM_000575,IM_000575_Segmentation,T
0,IM_000126,IM_000126_Segmentation,S
0,IM_000576,IM_000576_Segmentation,T
0,IM_000127,IM_000127_Segmentation,S
0,IM_000577,IM_000577_Segmentation,T
0,IM_000128,IM_000128_Segmentation,S
0,IM_000578,IM_000578_Segmentation,T
0,IM_000129,IM_000129_Segmentation,S
0,IM_000579,IM_000579_Segmentation,T
0,IM_000130,IM_000130_Segmentation,S
0,IM_000580,IM_000580_Segmentation,T
0,IM_000131,IM_000131_Segmentation,S
0,IM_000581,IM_000581_Segmentation,T
0,IM_000132,IM_000132_Segmentation,S
0,IM_000582,IM_000582_Segmentation,T
0,IM_000133,IM_000133_Segmentation,S
0,IM_000583,IM_000583_Segmentation,T
0,IM_000134,IM_000134_Segmentation,S
0,IM_000584,IM_000584_Segmentation,T
0,IM_000135,IM_000135_Segmentation,S
0,IM_000585,IM_000585_Segmentation,T
0,IM_000136,IM_000136_Segmentation,S
0,IM_000586,IM_000586_Segmentation,T
0,IM_000137,IM_000137_Segmentation,S
0,IM_000587,IM_000587_Segmentation,T
0,IM_000138,IM_000138_Segmentation,S
0,IM_000588,IM_000588_Segmentation,T
0,IM_000139,IM_000139_Segmentation,S
0,IM_000589,IM_000589_Segmentation,T
0,IM_000140,IM_000140_Segmentation,S
0,IM_000590,IM_000590_Segmentation,T
0,IM_000141,IM_000141_Segmentation,S
0,IM_000591,IM_000591_Segmentation,T
0,IM_000142,IM_000142_Segmentation,S
0,IM_000592,IM_000592_Segmentation,T
0,IM_000143,IM_000143_Segmentation,S
0,IM_000593,IM_000593_Segmentation,T
0,IM_000144,IM_000144_Segmentation,S
0,IM_000594,IM_000594_Segmentation,T
0,IM_000145,IM_000145_Segmentation,S
0,IM_000595,IM_000595_Segmentation,T
0,IM_000146,IM_000146_Segmentation,S
0,IM_000596,IM_000596_Segmentation,T
0,IM_000147,IM_000147_Segmentation,S
0,IM_000597,IM_000597_Segmentation,T
0,IM_000148,IM_000148_Segmentation,S
0,IM_000598,IM_000598_Segmentation,T
0,IM_000149,IM_000149_Segmentation,S
0,IM_000599,IM_000599_Segmentation,T
0,IM_000150,IM_000150_Segmentation,S
0,IM_000600,IM_000600_Segmentation,T
0,IM_000151,IM_000151_Segmentation,S
0,IM_000601,IM_000601_Segmentation,T
0,IM_000152,IM_000152_Segmentation,S
0,IM_000602,IM_000602_Segmentation,T
0,IM_000153,IM_000153_Segmentation,S
0,IM_000603,IM_000603_Segmentation,T
0,IM_000154,IM_000154_Segmentation,S
0,IM_000604,IM_000604_Segmentation,T
0,IM_000155,IM_000155_Segmentation,S
0,IM_000605,IM_000605_Segmentation,T
0,IM_000156,IM_000156_Segmentation,S
0,IM_000606,IM_000606_Segmentation,T
0,IM_000157,IM_000157_Segmentation,S
0,IM_000607,IM_000607_Segmentation,T
0,IM_000158,IM_000158_Segmentation,S
0,IM_000608,IM_000608_Segmentation,T
0,IM_000159,IM_000159_Segmentation,S
0,IM_000609,IM_000609_Segmentation,T
0,IM_000160,IM_000160_Segmentation,S
0,IM_000610,IM_000610_Segmentation,T
0,IM_000161,IM_000161_Segmentation,S
0,IM_000611,IM_000611_Segmentation,T
0,IM_000162,IM_000162_Segmentation,S
0,IM_000612,IM_000612_Segmentation,T
0,IM_000163,IM_000163_Segmentation,S
0,IM_000613,IM_000613_Segmentation,T
0,IM_000164,IM_000164_Segmentation,S
0,IM_000614,IM_000614_Segmentation,T
0,IM_000165,IM_000165_Segmentation,S
0,IM_000615,IM_000615_Segmentation,T
0,IM_000166,IM_000166_Segmentation,S
0,IM_000616,IM_000616_Segmentation,T
0,IM_000167,IM_000167_Segmentation,S
0,IM_000617,IM_000617_Segmentation,T
0,IM_000168,IM_000168_Segmentation,S
0,IM_000618,IM_000618_Segmentation,T
0,IM_000169,IM_000169_Segmentation,S
0,IM_000619,IM_000619_Segmentation,T
0,IM_000170,IM_000170_Segmentation,S
0,IM_000620,IM_000620_Segmentation,T
0,IM_000171,IM_000171_Segmentation,S
0,IM_000621,IM_000621_Segmentation,T
0,IM_000172,IM_000172_Segmentation,S
0,IM_000622,IM_000622_Segmentation,T
0,IM_000173,IM_000173_Segmentation,S
0,IM_000623,IM_000623_Segmentation,T
0,IM_000174,IM_000174_Segmentation,S
0,IM_000624,IM_000624_Segmentation,T
0,IM_000175,IM_000175_Segmentation,S
0,IM_000625,IM_000625_Segmentation,T
0,IM_000176,IM_000176_Segmentation,S
0,IM_000626,IM_000626_Segmentation,T
0,IM_000177,IM_000177_Segmentation,S
0,IM_000627,IM_000627_Segmentation,T
0,IM_000178,IM_000178_Segmentation,S
0,IM_000628,IM_000628_Segmentation,T
0,IM_000179,IM_000179_Segmentation,S
0,IM_000629,IM_000629_Segmentation,T
0,IM_000180,IM_000180_Segmentation,S
0,IM_000630,IM_000630_Segmentation,T
0,IM_000181,IM_000181_Segmentation,S
0,IM_000631,IM_000631_Segmentation,T
0,IM_000182,IM_000182_Segmentation,S
0,IM_000632,IM_000632_Segmentation,T
0,IM_000183,IM_000183_Segmentation,S
0,IM_000633,IM_000633_Segmentation,T
0,IM_000184,IM_000184_Segmentation,S
0,IM_000634,IM_000634_Segmentation,T
0,IM_000185,IM_000185_Segmentation,S
0,IM_000635,IM_000635_Segmentation,T
0,IM_000186,IM_000186_Segmentation,S
0,IM_000636,IM_000636_Segmentation,T
0,IM_000187,IM_000187_Segmentation,S
0,IM_000637,IM_000637_Segmentation,T
0,IM_000188,IM_000188_Segmentation,S
0,IM_000638,IM_000638_Segmentation,T
0,IM_000189,IM_000189_Segmentation,S
0,IM_000639,IM_000639_Segmentation,T
0,IM_000190,IM_000190_Segmentation,S
0,IM_000640,IM_000640_Segmentation,T
0,IM_000191,IM_000191_Segmentation,S
0,IM_000641,IM_000641_Segmentation,T
0,IM_000192,IM_000192_Segmentation,S
0,IM_000642,IM_000642_Segmentation,T
0,IM_000193,IM_000193_Segmentation,S
0,IM_000643,IM_000643_Segmentation,T
0,IM_000194,IM_000194_Segmentation,S
0,IM_000644,IM_000644_Segmentation,T
0,IM_000195,IM_000195_Segmentation,S
0,IM_000645,IM_000645_Segmentation,T
0,IM_000196,IM_000196_Segmentation,S
0,IM_000646,IM_000646_Segmentation,T
0,IM_000197,IM_000197_Segmentation,S
0,IM_000647,IM_000647_Segmentation,T
0,IM_000198,IM_000198_Segmentation,S
0,IM_000648,IM_000648_Segmentation,T
0,IM_000199,IM_000199_Segmentation,S
0,IM_000649,IM_000649_Segmentation,T
0,IM_000200,IM_000200_Segmentation,S
0,IM_000650,IM_000650_Segmentation,T
0,IM_000201,IM_000201_Segmentation,S
0,IM_000651,IM_000651_Segmentation,T
0,IM_000202,IM_000202_Segmentation,S
0,IM_000652,IM_000652_Segmentation,T
0,IM_000203,IM_000203_Segmentation,S
0,IM_000653,IM_000653_Segmentation,T
0,IM_000204,IM_000204_Segmentation,S
0,IM_000654,IM_000654_Segmentation,T
0,IM_000205,IM_000205_Segmentation,S
0,IM_000655,IM_000655_Segmentation,T
0,IM_000206,IM_000206_Segmentation,S
0,IM_000656,IM_000656_Segmentation,T
0,IM_000207,IM_000207_Segmentation,S
0,IM_000657,IM_000657_Segmentation,T
0,IM_000208,IM_000208_Segmentation,S
0,IM_000658,IM_000658_Segmentation,T
0,IM_000209,IM_000209_Segmentation,S
0,IM_000659,IM_000659_Segmentation,T
0,IM_000210,IM_000210_Segmentation,S
0,IM_000660,IM_000660_Segmentation,T
0,IM_000211,IM_000211_Segmentation,S
0,IM_000661,IM_000661_Segmentation,T
0,IM_000212,IM_000212_Segmentation,S
0,IM_000662,IM_000662_Segmentation,T
0,IM_000213,IM_000213_Segmentation,S
0,IM_000663,IM_000663_Segmentation,T
0,IM_000214,IM_000214_Segmentation,S
0,IM_000664,IM_000664_Segmentation,T
0,IM_000215,IM_000215_Segmentation,S
0,IM_000665,IM_000665_Segmentation,T
0,IM_000216,IM_000216_Segmentation,S
0,IM_000666,IM_000666_Segmentation,T
0,IM_000217,IM_000217_Segmentation,S
0,IM_000667,IM_000667_Segmentation,T
0,IM_000218,IM_000218_Segmentation,S
0,IM_000668,IM_000668_Segmentation,T
0,IM_000219,IM_000219_Segmentation,S
0,IM_000669,IM_000669_Segmentation,T
0,IM_000220,IM_000220_Segmentation,S
0,IM_000670,IM_000670_Segmentation,T
0,IM_000221,IM_000221_Segmentation,S
0,IM_000671,IM_000671_Segmentation,T
0,IM_000222,IM_000222_Segmentation,S
0,IM_000672,IM_000672_Segmentation,T
0,IM_000223,IM_000223_Segmentation,S
0,IM_000673,IM_000673_Segmentation,T
0,IM_000224,IM_000224_Segmentation,S
0,IM_000674,IM_000674_Segmentation,T
0,IM_000225,IM_000225_Segmentation,S
0,IM_000675,IM_000675_Segmentation,T
0,IM_000226,IM_000226_Segmentation,S
0,IM_000676,IM_000676_Segmentation,T
0,IM_000227,IM_000227_Segmentation,S
0,IM_000677,IM_000677_Segmentation,T
0,IM_000228,IM_000228_Segmentation,S
0,IM_000678,IM_000678_Segmentation,T
0,IM_000229,IM_000229_Segmentation,S
0,IM_000679,IM_000679_Segmentation,T
0,IM_000230,IM_000230_Segmentation,S
0,IM_000680,IM_000680_Segmentation,T
0,IM_000231,IM_000231_Segmentation,S
0,IM_000681,IM_000681_Segmentation,T
0,IM_000232,IM_000232_Segmentation,S
0,IM_000682,IM_000682_Segmentation,T
0,IM_000233,IM_000233_Segmentation,S
0,IM_000683,IM_000683_Segmentation,T
0,IM_000234,IM_000234_Segmentation,S
0,IM_000684,IM_000684_Segmentation,T
0,IM_000235,IM_000235_Segmentation,S
0,IM_000685,IM_000685_Segmentation,T
0,IM_000236,IM_000236_Segmentation,S
0,IM_000686,IM_000686_Segmentation,T
0,IM_000237,IM_000237_Segmentation,S
0,IM_000687,IM_000687_Segmentation,T
0,IM_000238,IM_000238_Segmentation,S
0,IM_000688,IM_000688_Segmentation,T
0,IM_000239,IM_000239_Segmentation,S
0,IM_000689,IM_000689_Segmentation,T
0,IM_000240,IM_000240_Segmentation,S
0,IM_000690,IM_000690_Segmentation,T
0,IM_000241,IM_000241_Segmentation,S
0,IM_000691,IM_000691_Segmentation,T
0,IM_000242,IM_000242_Segmentation,S
0,IM_000692,IM_000692_Segmentation,T
0,IM_000243,IM_000243_Segmentation,S
0,IM_000693,IM_000693_Segmentation,T
0,IM_000244,IM_000244_Segmentation,S
0,IM_000694,IM_000694_Segmentation,T
0,IM_000245,IM_000245_Segmentation,S
0,IM_000695,IM_000695_Segmentation,T
0,IM_000246,IM_000246_Segmentation,S
0,IM_000696,IM_000696_Segmentation,T
0,IM_000247,IM_000247_Segmentation,S
0,IM_000697,IM_000697_Segmentation,T
0,IM_000248,IM_000248_Segmentation,S
0,IM_000698,IM_000698_Segmentation,T
0,IM_000249,IM_000249_Segmentation,S
0,IM_000699,IM_000699_Segmentation,T
0,IM_000250,IM_000250_Segmentation,S
0,IM_000700,IM_000700_Segmentation,T
0,IM_000251,IM_000251_Segmentation,S
0,IM_000701,IM_000701_Segmentation,T
0,IM_000252,IM_000252_Segmentation,S
0,IM_000702,IM_000702_Segmentation,T
0,IM_000253,IM_000253_Segmentation,S
0,IM_000703,IM_000703_Segmentation,T
0,IM_000254,IM_000254_Segmentation,S
0,IM_000704,IM_000704_Segmentation,T
0,IM_000255,IM_000255_Segmentation,S
0,IM_000705,IM_000705_Segmentation,T
0,IM_000256,IM_000256_Segmentation,S
0,IM_000706,IM_000706_Segmentation,T
0,IM_000257,IM_000257_Segmentation,S
0,IM_000707,IM_000707_Segmentation,T
0,IM_000258,IM_000258_Segmentation,S
0,IM_000708,IM_000708_Segmentation,T
0,IM_000259,IM_000259_Segmentation,S
0,IM_000709,IM_000709_Segmentation,T
0,IM_000260,IM_000260_Segmentation,S
0,IM_000710,IM_000710_Segmentation,T
0,IM_000261,IM_000261_Segmentation,S
0,IM_000711,IM_000711_Segmentation,T
0,IM_000262,IM_000262_Segmentation,S
0,IM_000712,IM_000712_Segmentation,T
0,IM_000263,IM_000263_Segmentation,S
0,IM_000713,IM_000713_Segmentation,T
0,IM_000264,IM_000264_Segmentation,S
0,IM_000714,IM_000714_Segmentation,T
0,IM_000265,IM_000265_Segmentation,S
0,IM_000715,IM_000715_Segmentation,T
0,IM_000266,IM_000266_Segmentation,S
0,IM_000716,IM_000716_Segmentation,T
0,IM_000267,IM_000267_Segmentation,S
0,IM_000717,IM_000717_Segmentation,T
0,IM_000268,IM_000268_Segmentation,S
0,IM_000718,IM_000718_Segmentation,T
0,IM_000269,IM_000269_Segmentation,S
0,IM_000719,IM_000719_Segmentation,T
0,IM_000270,IM_000270_Segmentation,S
0,IM_000720,IM_000720_Segmentation,T
0,IM_000271,IM_000271_Segmentation,S
0,IM_000721,IM_000721_Segmentation,T
0,IM_000272,IM_000272_Segmentation,S
0,IM_000722,IM_000722_Segmentation,T
0,IM_000273,IM_000273_Segmentation,S
0,IM_000723,IM_000723_Segmentation,T
0,IM_000274,IM_000274_Segmentation,S
0,IM_000724,IM_000724_Segmentation,T
0,IM_000275,IM_000275_Segmentation,S
0,IM_000725,IM_000725_Segmentation,T
0,IM_000276,IM_000276_Segmentation,S
0,IM_000726,IM_000726_Segmentation,T
0,IM_000277,IM_000277_Segmentation,S
0,IM_000727,IM_000727_Segmentation,T
0,IM_000278,IM_000278_Segmentation,S
0,IM_000728,IM_000728_Segmentation,T
0,IM_000279,IM_000279_Segmentation,S
0,IM_000729,IM_000729_Segmentation,T
0,IM_000280,IM_000280_Segmentation,S
0,IM_000730,IM_000730_Segmentation,T
0,IM_000281,IM_000281_Segmentation,S
0,IM_000731,IM_000731_Segmentation,T
0,IM_000282,IM_000282_Segmentation,S
0,IM_000732,IM_000732_Segmentation,T
0,IM_000283,IM_000283_Segmentation,S
0,IM_000733,IM_000733_Segmentation,T
0,IM_000284,IM_000284_Segmentation,S
0,IM_000734,IM_000734_Segmentation,T
0,IM_000285,IM_000285_Segmentation,S
0,IM_000735,IM_000735_Segmentation,T
0,IM_000286,IM_000286_Segmentation,S
0,IM_000736,IM_000736_Segmentation,T
0,IM_000287,IM_000287_Segmentation,S
0,IM_000737,IM_000737_Segmentation,T
0,IM_000288,IM_000288_Segmentation,S
0,IM_000738,IM_000738_Segmentation,T
0,IM_000289,IM_000289_Segmentation,S
0,IM_000739,IM_000739_Segmentation,T
0,IM_000290,IM_000290_Segmentation,S
0,IM_000740,IM_000740_Segmentation,T
0,IM_000291,IM_000291_Segmentation,S
0,IM_000741,IM_000741_Segmentation,T
0,IM_000292,IM_000292_Segmentation,S
0,IM_000742,IM_000742_Segmentation,T
0,IM_000293,IM_000293_Segmentation,S
0,IM_000743,IM_000743_Segmentation,T
0,IM_000294,IM_000294_Segmentation,S
0,IM_000744,IM_000744_Segmentation,T
0,IM_000295,IM_000295_Segmentation,S
0,IM_000745,IM_000745_Segmentation,T
0,IM_000296,IM_000296_Segmentation,S
0,IM_000746,IM_000746_Segmentation,T
0,IM_000297,IM_000297_Segmentation,S
0,IM_000747,IM_000747_Segmentation,T
0,IM_000298,IM_000298_Segmentation,S
0,IM_000748,IM_000748_Segmentation,T
0,IM_000299,IM_000299_Segmentation,S
0,IM_000749,IM_000749_Segmentation,T
